{
	"info": {
		"_postman_id": "1dfc02df-b741-49df-80af-083eeb41a8a8",
		"name": "aws-microservices",
		"schema": "https://schema.getpostman.com/json/collection/v2.1.0/collection.json"
	},
	"item": [
		{
			"name": "product microservice",
			"item": [
				{
					"name": "product",
					"request": {
						"method": "GET",
						"header": [],
						"url": {
							"raw": "{{productEndpoint}}/product",
							"host": [
								"{{productEndpoint}}"
							],
							"path": [
								"product"
							]
						}
					},
					"response": []
				},
				{
					"name": "product",
					"request": {
						"method": "POST",
						"header": [],
						"body": {
							"mode": "raw",
							"raw": "{\r\n    \"name\": \"IPhone X\",\r\n    \"description\": \"This phone is the company's biggest change to its flagship smartphone in years. It includes a borderless.\",\r\n    \"imageFile\": \"product-1.png\",\r\n    \"category\": \"Phone\",\r\n    \"price\": 950.4\r\n}",
							"options": {
								"raw": {
									"language": "json"
								}
							}
						},
						"url": {
							"raw": "{{productEndpoint}}/product",
							"host": [
								"{{productEndpoint}}"
							],
							"path": [
								"product"
							]
						}
					},
					"response": []
				},
				{
					"name": "product2",
					"request": {
						"method": "POST",
						"header": [],
						"body": {
							"mode": "raw",
							"raw": "{\r\n    \"name\": \"Samsung 10\",\r\n    \"description\": \"This phone is the company's biggest change to its flagship smartphone in years. It includes a borderless.\",\r\n    \"imageFile\": \"product-2.png\",\r\n    \"category\": \"Phone\",\r\n    \"price\": 740.4\r\n}",
							"options": {
								"raw": {
									"language": "json"
								}
							}
						},
						"url": {
							"raw": "{{productEndpoint}}/product",
							"host": [
								"{{productEndpoint}}"
							],
							"path": [
								"product"
							]
						}
					},
					"response": []
				},
				{
					"name": "productById",
					"request": {
						"method": "GET",
						"header": [],
						"url": {
							"raw": "{{productEndpoint}}/product/8ccbddad-149c-4421-9c70-2d4f93269bd7",
							"host": [
								"{{productEndpoint}}"
							],
							"path": [
								"product",
								"8ccbddad-149c-4421-9c70-2d4f93269bd7"
							]
						}
					},
					"response": []
				},
				{
					"name": "product",
					"request": {
						"method": "PUT",
						"header": [],
						"body": {
							"mode": "raw",
							"raw": "{\r\n    \"name\": \"IPhone XY\"\r\n}",
							"options": {
								"raw": {
									"language": "json"
								}
							}
						},
						"url": {
							"raw": "{{productEndpoint}}/product/8ccbddad-149c-4421-9c70-2d4f93269bd7",
							"host": [
								"{{productEndpoint}}"
							],
							"path": [
								"product",
								"8ccbddad-149c-4421-9c70-2d4f93269bd7"
							]
						}
					},
					"response": []
				},
				{
					"name": "product",
					"request": {
						"method": "DELETE",
						"header": [],
						"url": {
							"raw": "{{productEndpoint}}/product/8ccbddad-149c-4421-9c70-2d4f93269bd7",
							"host": [
								"{{productEndpoint}}"
							],
							"path": [
								"product",
								"8ccbddad-149c-4421-9c70-2d4f93269bd7"
							]
						}
					},
					"response": []
				}
			]
		},
		{
			"name": "basket microservice",
			"item": [
				{
					"name": "basket",
					"request": {
						"method": "GET",
						"header": [],
						"url": {
							"raw": "{{basketEndpoint}}/basket",
							"host": [
								"{{basketEndpoint}}"
							],
							"path": [
								"basket"
							]
						}
					},
					"response": []
				},
				{
					"name": "basket",
					"request": {
						"method": "POST",
						"header": [],
						"body": {
							"mode": "raw",
							"raw": "{\r\n  \"userName\": \"swn\",\r\n  \"items\": [\r\n    {\r\n      \"quantity\": 2,\r\n      \"color\": \"Red\",\r\n      \"price\": 950,\r\n      \"productId\": \"2266628b-ff81-4a9f-a82d-8c46766aa122\",\r\n      \"productName\": \"IPhone X\"\r\n    },\r\n    {\r\n      \"quantity\": 1,\r\n      \"color\": \"Blue\",\r\n      \"price\": 870,\r\n      \"productId\": \"c4f49ceb-b1d4-4b2b-bbae-31f4e024b9d5\",\r\n      \"productName\": \"Samsung 10\"\r\n    }\r\n  ]\r\n}",
							"options": {
								"raw": {
									"language": "json"
								}
							}
						},
						"url": {
							"raw": "{{basketEndpoint}}/basket",
							"host": [
								"{{basketEndpoint}}"
							],
							"path": [
								"basket"
							]
						}
					},
					"response": []
				},
				{
					"name": "basketByUserName",
					"request": {
						"method": "GET",
						"header": [],
						"url": {
							"raw": "{{basketEndpoint}}/basket/swn",
							"host": [
								"{{basketEndpoint}}"
							],
							"path": [
								"basket",
								"swn"
							]
						}
					},
					"response": []
				},
				{
					"name": "basket",
					"request": {
						"method": "DELETE",
						"header": [],
						"url": {
							"raw": "{{basketEndpoint}}/basket/swn",
							"host": [
								"{{basketEndpoint}}"
							],
							"path": [
								"basket",
								"swn"
							]
						}
					},
					"response": []
				},
				{
					"name": "basket checkout",
					"request": {
						"method": "POST",
						"header": [],
						"body": {
							"mode": "raw",
							"raw": "{\r\n  \"userName\": \"swn\",\r\n  \"totalPrice\": 0,\r\n  \"firstName\": \"mehmet\",\r\n  \"lastName\": \"ozkaya\",\r\n  \"email\": \"ezozkme@gmail.com\",\r\n  \"address\": \"istanbul\",\r\n  \"cardInfo\": \"5554443322\",\r\n  \"paymentMethod\": 1\r\n}",
							"options": {
								"raw": {
									"language": "json"
								}
							}
						},
						"url": {
							"raw": "{{basketEndpoint}}/basket/checkout",
							"host": [
								"{{basketEndpoint}}"
							],
							"path": [
								"basket",
								"checkout"
							]
						}
					},
					"response": []
				}
			]
		},
		{
			"name": "order microservice",
			"item": [
				{
					"name": "order",
					"request": {
						"method": "GET",
						"header": [],
						"url": {
							"raw": "{{orderEndpoint}}/order",
							"host": [
								"{{orderEndpoint}}"
							],
							"path": [
								"order"
							]
						}
					},
					"response": []
				},
				{
					"name": "orderByUserNameandOrderDate",
					"request": {
						"method": "GET",
						"header": [],
						"url": {
							"raw": "{{orderEndpoint}}/order/swn?orderDate=2022-03-31T12:52:23.228Z",
							"host": [
								"{{orderEndpoint}}"
							],
							"path": [
								"order",
								"swn"
							],
							"query": [
								{
									"key": "orderDate",
									"value": "2022-03-31T12:52:23.228Z"
								}
							]
						}
					},
					"response": []
				}
			]
		}
	]
}