[
    {
      "Source": "com.swn.basket.checkoutbasket",
      "Detail": "{ \"username\": \"swn\", \"basket\": \"phone1\" }",
      "Resources": [
        "resource1",
        "resource2"
      ],
      "DetailType": "CheckoutBasket",
      "EventBusName": "SwnEventBus"
    },
    {
      "Source": "com.swn.basket.checkoutbasket",
      "Detail": "{ \"username\": \"swn\", \"basket\": \"phone2\" }",
      "Resources": [
        "resource1",
        "resource2"
      ],
      "DetailType": "CheckoutBasket",
      "EventBusName": "SwnEventBus"
     }
  ]