{
  "version": "16.0.0",
  "files": {
    "17374fa01be5e8a99750da73a66eed347cdd2bbc0caca528be5477f12c98f13d": {
      "source": {
        "path": "asset.17374fa01be5e8a99750da73a66eed347cdd2bbc0caca528be5477f12c98f13d",
        "packaging": "zip"
      },
      "destinations": {
        "current_account-current_region": {
          "bucketName": "cdk-hnb659fds-assets-${AWS::AccountId}-${AWS::Region}",
          "objectKey": "17374fa01be5e8a99750da73a66eed347cdd2bbc0caca528be5477f12c98f13d.zip",
          "assumeRoleArn": "arn:${AWS::Partition}:iam::${AWS::AccountId}:role/cdk-hnb659fds-file-publishing-role-${AWS::AccountId}-${AWS::Region}"
        }
      }
    },
    "e77edc74032a4443c93fc590b8400ee51eb69fce38a63b9190c792b47c396fbe": {
      "source": {
        "path": "LambdacdkStack.template.json",
        "packaging": "file"
      },
      "destinations": {
        "current_account-current_region": {
          "bucketName": "cdk-hnb659fds-assets-${AWS::AccountId}-${AWS::Region}",
          "objectKey": "e77edc74032a4443c93fc590b8400ee51eb69fce38a63b9190c792b47c396fbe.json",
          "assumeRoleArn": "arn:${AWS::Partition}:iam::${AWS::AccountId}:role/cdk-hnb659fds-file-publishing-role-${AWS::AccountId}-${AWS::Region}"
        }
      }
    }
  },
  "dockerImages": {}
}