{
  "version": "16.0.0",
  "files": {
    "f74b84d6c71c7c120cc4b846b52f51c90d685cdcf461f34af4dbae1582653981": {
      "source": {
        "path": "C:\\Dev\\aws-microservices",
        "packaging": "zip"
      },
      "destinations": {
        "current_account-current_region": {
          "bucketName": "cdk-hnb659fds-assets-${AWS::AccountId}-${AWS::Region}",
          "objectKey": "f74b84d6c71c7c120cc4b846b52f51c90d685cdcf461f34af4dbae1582653981.zip",
          "assumeRoleArn": "arn:${AWS::Partition}:iam::${AWS::AccountId}:role/cdk-hnb659fds-file-publishing-role-${AWS::AccountId}-${AWS::Region}"
        }
      }
    },
    "942ff90fac5e99193eb696e54c801273d34ef9d2dc9d9e940f8f7b266b602c0b": {
      "source": {
        "path": "C:\\Dev\\aws-microservices",
        "packaging": "zip"
      },
      "destinations": {
        "current_account-current_region": {
          "bucketName": "cdk-hnb659fds-assets-${AWS::AccountId}-${AWS::Region}",
          "objectKey": "942ff90fac5e99193eb696e54c801273d34ef9d2dc9d9e940f8f7b266b602c0b.zip",
          "assumeRoleArn": "arn:${AWS::Partition}:iam::${AWS::AccountId}:role/cdk-hnb659fds-file-publishing-role-${AWS::AccountId}-${AWS::Region}"
        }
      }
    },
    "6b1fd5d107bc85ed276d618f55acf7bf6f709b01efe0427e90efaeba127f2e13": {
      "source": {
        "path": "AwsMicroservicesStack.template.json",
        "packaging": "file"
      },
      "destinations": {
        "current_account-current_region": {
          "bucketName": "cdk-hnb659fds-assets-${AWS::AccountId}-${AWS::Region}",
          "objectKey": "6b1fd5d107bc85ed276d618f55acf7bf6f709b01efe0427e90efaeba127f2e13.json",
          "assumeRoleArn": "arn:${AWS::Partition}:iam::${AWS::AccountId}:role/cdk-hnb659fds-file-publishing-role-${AWS::AccountId}-${AWS::Region}"
        }
      }
    }
  },
  "dockerImages": {}
}