{
  "version": "16.0.0",
  "files": {
    "c7608fd4a3f7b882359debe7460ccd1256ac9e46db3b76ed95ea03440ee16d59": {
      "source": {
        "path": "C:\\Dev\\aws-microservices",
        "packaging": "zip"
      },
      "destinations": {
        "current_account-current_region": {
          "bucketName": "cdk-hnb659fds-assets-${AWS::AccountId}-${AWS::Region}",
          "objectKey": "c7608fd4a3f7b882359debe7460ccd1256ac9e46db3b76ed95ea03440ee16d59.zip",
          "assumeRoleArn": "arn:${AWS::Partition}:iam::${AWS::AccountId}:role/cdk-hnb659fds-file-publishing-role-${AWS::AccountId}-${AWS::Region}"
        }
      }
    },
    "f901b50ed88feb781fcd876adf931494222b2df420c2a90a30616565ab1fbd3e": {
      "source": {
        "path": "AwsMicroservicesStack.template.json",
        "packaging": "file"
      },
      "destinations": {
        "current_account-current_region": {
          "bucketName": "cdk-hnb659fds-assets-${AWS::AccountId}-${AWS::Region}",
          "objectKey": "f901b50ed88feb781fcd876adf931494222b2df420c2a90a30616565ab1fbd3e.json",
          "assumeRoleArn": "arn:${AWS::Partition}:iam::${AWS::AccountId}:role/cdk-hnb659fds-file-publishing-role-${AWS::AccountId}-${AWS::Region}"
        }
      }
    }
  },
  "dockerImages": {}
}